-- =============================================================================
-- IDSMS - Extended Sample Data (sourced from classicmodels)
-- Generated by convert_classicmodels.py
-- 
-- Adds ~20 rows per main table while preserving existing demo seed data.
-- IDs use a NEW range (C00010+, S00010+, I00010+, SO00010+) so they do not
-- collide with the application's built-in seed (C00001-04, S00001-04, etc.)
-- 
-- How to run:
--   1. Open phpMyAdmin
--   2. Select database 'idsms' (or 'IDSMS')
--   3. SQL tab -> paste this file -> Go
--   4. Restart IDSMS - new data appears in every list form
-- 
-- Safe to re-run: REPLACE INTO will overwrite same IDs.
-- Does NOT touch: users, audit_logs, delivery_notes, goods_received, after_service
-- =============================================================================

USE idsms;

-- ---------------------------------------------------------------------------
-- STEP 0: Clean up our previous extended-data rows (if any) in correct
-- FK order: child -> parent. This makes the whole script idempotent.
-- Existing seed rows (C00001-04, S00001-04, I00001-08, SO00001-02) are
-- preserved because we only target the >= 00010 range.
-- ---------------------------------------------------------------------------
SET FOREIGN_KEY_CHECKS = 0;
DELETE FROM sales_order_lines WHERE order_id LIKE 'SO000%' AND CAST(SUBSTRING(order_id, 3) AS UNSIGNED) >= 10;
DELETE FROM sales_orders      WHERE order_id LIKE 'SO000%' AND CAST(SUBSTRING(order_id, 3) AS UNSIGNED) >= 10;
DELETE FROM items     WHERE item_id     LIKE 'I000%'  AND CAST(SUBSTRING(item_id, 2)     AS UNSIGNED) >= 10;
DELETE FROM suppliers WHERE supplier_id LIKE 'SP000%' AND CAST(SUBSTRING(supplier_id, 3) AS UNSIGNED) >= 10;
DELETE FROM staff     WHERE staff_id    LIKE 'S000%'  AND CAST(SUBSTRING(staff_id, 2)    AS UNSIGNED) >= 10;
DELETE FROM customers WHERE customer_id LIKE 'C000%'  AND CAST(SUBSTRING(customer_id, 2) AS UNSIGNED) >= 10;
SET FOREIGN_KEY_CHECKS = 1;

-- ---------------------------------------------------------------------------
-- Customers (20 new rows: C00010 - C00029)
-- ---------------------------------------------------------------------------
INSERT INTO customers (customer_id, company_name, contact_person, phone, email, address, customer_type) VALUES
  ('C00010', 'giftsbymail.co.uk', 'Helen Bennett', '(198) 555-8888', 'helen@giftsbymailcouk.com', 'Garden House, Crowther Way 23, Cowes, Isle of Wight, PO31 7PJ, UK', 'Corporate'),
  ('C00011', 'Osaka Souveniers Co.', 'Mory Kentary', '+81 06 6342 5555', 'mory@osakasouveniersco.com', '1-6-20 Dojima, Kita-ku, Osaka,  530-0003, Japan', 'Corporate'),
  ('C00012', 'Land of Toys Inc.', 'Kwai Lee', '2125557818', 'kwai@landoftoysinc.com', '897 Long Airport Avenue, NYC, NY, 10022, USA', 'Corporate'),
  ('C00013', 'Euro+ Shopping Channel', 'Diego Freyre', '(91) 555 94 44', 'diego@euroshoppingchannel.com', 'C/ Moralzarzal, 86, Madrid, 28034, Spain', 'Corporate'),
  ('C00014', 'Microscale Inc.', 'Yu Choi', '2125551957', 'yu@microscaleinc.com', '5290 North Pendale Street, Suite 200, NYC, NY, 10022, USA', 'Corporate'),
  ('C00015', 'Baane Mini Imports', 'Jonas Bergulfsen', '07-98 9555', 'jonas@baaneminiimports.com', 'Erling Skakkes gate 78, Stavern, 4110, Norway', 'Corporate'),
  ('C00016', 'Tekni Collectables Inc.', 'William Brown', '2015559350', 'william@teknicollectablesinc.com', '7476 Moss Rd., Newark, NJ, 94019, USA', 'Corporate'),
  ('C00017', 'Heintze Collectables', 'Palle Ibsen', '86 21 3555', 'palle@heintzecollectables.com', 'Smagsloget 45, Århus, 8200, Denmark', 'Corporate'),
  ('C00018', 'Australian Gift Network, Co', 'Ben Calaghan', '61-7-3844-6555', 'ben@australiangiftnetwor.com', '31 Duncan St. West End, South Brisbane, Queensland, 4101, Australia', 'Corporate'),
  ('C00019', 'Herkku Gifts', 'Veysel Oeztan', '+47 2267 3215', 'veysel@herkkugifts.com', 'Brehmen St. 121, PR 334 Sentrum, Bergen, N 5804, Norway  ', 'Corporate'),
  ('C00020', 'Diecast Classics Inc.', 'Kelvin Leong', '2155551555', 'kelvin@diecastclassicsinc.com', '7586 Pompton St., Allentown, PA, 70267, USA', 'Corporate'),
  ('C00021', 'Collectables For Less Inc.', 'Allen Nelson', '6175558555', 'allen@collectablesforlessi.com', '7825 Douglas Av., Brickhaven, MA, 58339, USA', 'Corporate'),
  ('C00022', 'Kelly\'s Gift Shop', 'Tony Snowden', '+64 9 5555500', 'tony@kellysgiftshop.com', 'Arenales 1938 3\'A\', Auckland  , New Zealand', 'Corporate'),
  ('C00023', 'Mini Wheels Co.', 'Julie Murphy', '6505555787', 'julie@miniwheelsco.com', '5557 North Pendale Street, San Francisco, CA, 94217, USA', 'Corporate'),
  ('C00024', 'Muscle Machine Inc', 'Jeff Young', '2125557413', 'jeff@musclemachineinc.com', '4092 Furth Circle, Suite 400, NYC, NY, 10022, USA', 'Corporate'),
  ('C00025', 'Souveniers And Things Co.', 'Adrian Huxley', '+61 2 9495 8555', 'adrian@souveniersandthingsc.com', 'Monitor Money Building, 815 Pacific Hwy, Chatswood, NSW, 2067, Australia', 'Corporate'),
  ('C00026', 'Technics Stores Inc.', 'Juri Hashimoto', '6505556809', 'juri@technicsstoresinc.com', '9408 Furth Circle, Burlingame, CA, 94217, USA', 'Corporate'),
  ('C00027', 'Franken Gifts, Co', 'Peter Franken', '089-0877555', 'peter@frankengiftsco.com', 'Berliner Platz 43, München, 80805, Germany', 'Retail'),
  ('C00028', 'Royal Canadian Collectables, Ltd.', 'Elizabeth Lincoln', '(604) 555-4555', 'elizabeth@royalcanadiancollect.com', '23 Tsawassen Blvd., Tsawassen, BC, T2F 8M4, Canada', 'Corporate'),
  ('C00029', 'Royale Belge', 'Pascale Cartrain', '(071) 23 67 2555', 'pascale@royalebelge.com', 'Boulevard Tirou, 255, Charleroi, B-6000, Belgium', 'Corporate');

-- ---------------------------------------------------------------------------
-- Staff (20 new rows: S00010 - S00029)
-- ---------------------------------------------------------------------------
INSERT INTO staff (staff_id, full_name, position, department, phone, email, hire_date) VALUES
  ('S00010', 'Diane Murphy', 'President', 'Administration', '953331711', 'dmurphy@plf.com.hk', '2022-11-03'),
  ('S00011', 'Mary Patterson', 'VP Sales', 'Sales', '985279785', 'mpatterso@plf.com.hk', '2023-06-14'),
  ('S00012', 'Jeff Firrelli', 'VP Marketing', 'Sales', '930457201', 'jfirrelli@plf.com.hk', '2018-01-25'),
  ('S00013', 'William Patterson', 'Sales Manager (APAC)', 'Sales', '922915803', 'wpatterson@plf.com.hk', '2019-08-09'),
  ('S00014', 'Gerard Bondur', 'Sale Manager (EMEA)', 'Sales', '969254150', 'gbondur@plf.com.hk', '2020-03-20'),
  ('S00015', 'Anthony Bow', 'Sales Manager (NA)', 'Sales', '921391750', 'abow@plf.com.hk', '2021-10-04'),
  ('S00016', 'Leslie Jennings', 'Sales Rep', 'Sales', '947335741', 'ljennings@plf.com.hk', '2022-05-15'),
  ('S00017', 'Leslie Thompson', 'Sales Rep', 'Sales', '923074814', 'lthompson@plf.com.hk', '2023-12-26'),
  ('S00018', 'Julie Firrelli', 'Sales Rep', 'Sales', '926547227', 'jfirrelli@plf.com.hk', '2018-07-10'),
  ('S00019', 'Steve Patterson', 'Sales Rep', 'Sales', '955548428', 'spatterson@plf.com.hk', '2019-02-21'),
  ('S00020', 'Foon Yue Tseng', 'Sales Rep', 'Sales', '969773664', 'ftseng@plf.com.hk', '2020-09-05'),
  ('S00021', 'George Vanauf', 'Sales Rep', 'Sales', '970656820', 'gvanauf@plf.com.hk', '2021-04-16'),
  ('S00022', 'Loui Bondur', 'Sales Rep', 'Sales', '944325374', 'lbondur@plf.com.hk', '2022-11-27'),
  ('S00023', 'Gerard Hernandez', 'Sales Rep', 'Sales', '921693803', 'ghernande@plf.com.hk', '2023-06-11'),
  ('S00024', 'Pamela Castillo', 'Sales Rep', 'Sales', '997515010', 'pcastillo@plf.com.hk', '2018-01-22'),
  ('S00025', 'Larry Bott', 'Sales Rep', 'Sales', '936778573', 'lbott@plf.com.hk', '2019-08-06'),
  ('S00026', 'Barry Jones', 'Sales Rep', 'Sales', '972165422', 'bjones@plf.com.hk', '2020-03-17'),
  ('S00027', 'Andy Fixter', 'Sales Rep', 'Sales', '945986313', 'afixter@plf.com.hk', '2021-10-01'),
  ('S00028', 'Peter Marsh', 'Sales Rep', 'Sales', '919164752', 'pmarsh@plf.com.hk', '2022-05-12'),
  ('S00029', 'Tom King', 'Sales Rep', 'Sales', '915256168', 'tking@plf.com.hk', '2023-12-23');

-- ---------------------------------------------------------------------------
-- Suppliers (5 new rows: SP00010 - SP00014)
-- ---------------------------------------------------------------------------
INSERT INTO suppliers (supplier_id, company_name, contact_person, phone, email, address, payment_terms) VALUES
  ('SP00010', 'Foshan Premium Wood Mfg.', 'Mr. Chen', '+86-757-12345678', 'sales@fspw.cn', 'Foshan Industrial Park, Guangdong', 'Net 60'),
  ('SP00011', 'Italian Leather Imports Ltd.', 'Mr. Rossi', '+39-02-98765432', 'orders@italleather.it', 'Via Milano 28, Milan, Italy', 'Net 45'),
  ('SP00012', 'Vietnam Rattan Crafts Co.', 'Ms. Nguyen', '+84-28-22334455', 'info@vnrattan.vn', 'Binh Duong Province, Vietnam', 'Net 30'),
  ('SP00013', 'Japan Tatami & Wood Studio', 'Mr. Sato', '+81-3-55667788', 'sato@jtws.jp', 'Setagaya-ku, Tokyo, Japan', 'Net 30'),
  ('SP00014', 'HK Premium Hardware Trading', 'Mr. Lai', '27889900', 'order@hkphardware.hk', 'Kwai Chung Industrial, New Territories', 'COD');

-- ---------------------------------------------------------------------------
-- Items (20 new rows: I00010 - I00029) - furniture catalogue
-- ---------------------------------------------------------------------------
INSERT INTO items (item_id, item_name, category, unit, unit_price, stock_qty, reorder_level, supplier_id) VALUES
  ('I00010', 'Solid Oak Executive Desk', 'Office', 'PC', 1071.0, 4710, 235, 'SP00010'),
  ('I00011', 'Ergonomic Mesh Office Chair', 'Office', 'PC', 1422.0, 6125, 306, 'SP00011'),
  ('I00012', '3-Seater Italian Leather Sofa', 'Living', 'PC', 1937.0, 5582, 279, 'SP00012'),
  ('I00013', 'Modern L-Shape Sectional Sofa', 'Living', 'PC', 644.0, 1645, 82, 'SP00013'),
  ('I00014', 'Queen Size Platform Bed Frame', 'Bedroom', 'PC', 750.0, 5649, 282, 'SP00014'),
  ('I00015', 'King Size Storage Bed Frame', 'Bedroom', 'PC', 606.0, 4357, 217, 'SP00010'),
  ('I00016', '6-Seat Solid Wood Dining Table', 'Dining', 'PC', 1398.0, 9354, 467, 'SP00011'),
  ('I00017', '8-Seat Marble Top Dining Table', 'Dining', 'PC', 1698.0, 3975, 198, 'SP00012'),
  ('I00018', '5-Tier Bookshelf (Walnut)', 'Living', 'PC', 798.0, 5663, 283, 'SP00013'),
  ('I00019', 'Bedside Cabinet with 3 Drawers', 'Bedroom', 'PC', 443.0, 9241, 462, 'SP00014'),
  ('I00020', 'Reception Counter (Premium)', 'Office', 'PC', 1409.0, 1452, 72, 'SP00010'),
  ('I00021', 'Conference Table - 10 Seats', 'Office', 'PC', 1174.0, 9123, 456, 'SP00011'),
  ('I00022', 'Recliner Armchair (Fabric)', 'Living', 'PC', 1178.0, 9446, 472, 'SP00012'),
  ('I00023', 'Wardrobe - 4 Door Mirror', 'Bedroom', 'PC', 855.0, 3209, 160, 'SP00013'),
  ('I00024', 'Coffee Table (Tempered Glass)', 'Living', 'PC', 1360.0, 3252, 162, 'SP00014'),
  ('I00025', 'TV Console - 180cm', 'Living', 'PC', 1350.0, 8258, 412, 'SP00010'),
  ('I00026', 'Bar Stool Set (4 PCs)', 'Dining', 'PC', 729.0, 2018, 100, 'SP00011'),
  ('I00027', 'Study Desk with Drawer', 'Office', 'PC', 1278.0, 2327, 116, 'SP00012'),
  ('I00028', 'Shoe Cabinet - 5 Tier', 'Storage', 'PC', 1545.0, 6600, 330, 'SP00013'),
  ('I00029', 'Children\'s Bunk Bed', 'Bedroom', 'PC', 1062.0, 9173, 458, 'SP00014');

-- ---------------------------------------------------------------------------
-- Sales Orders (new rows: SO00010+) + order lines
-- ---------------------------------------------------------------------------
INSERT INTO sales_orders (order_id, order_date, customer_id, status, required_date, remarks, created_by) VALUES
  ('SO00010', '2003-12-01', 'C00023', 'Completed', '2003-12-11', '', 'sales'),
  ('SO00011', '2005-02-10', 'C00013', 'Completed', '2005-02-18', '', 'sales'),
  ('SO00012', '2004-10-22', 'C00017', 'Completed', '2004-11-01', '', 'sales'),
  ('SO00013', '2004-01-16', 'C00013', 'Completed', '2004-01-24', '', 'sales'),
  ('SO00014', '2004-11-15', 'C00012', 'Completed', '2004-11-24', '', 'sales'),
  ('SO00015', '2005-04-03', 'C00016', 'Pending', '2005-04-14', 'Customer credit limit exceeded. Will ship when a payment is received.', 'sales'),
  ('SO00016', '2004-04-20', 'C00014', 'Completed', '2004-04-28', 'Customer is interested in buying more Ferrari models', 'sales'),
  ('SO00017', '2003-01-29', 'C00015', 'Completed', '2003-02-07', '', 'sales'),
  ('SO00018', '2003-11-12', 'C00019', 'Completed', '2003-11-19', '', 'sales'),
  ('SO00019', '2004-11-01', 'C00010', 'Completed', '2004-11-09', 'Customer requested that ad materials (such as posters, pamphlets) be included in the shippment', 'sales'),
  ('SO00020', '2004-07-21', 'C00021', 'Completed', '2004-07-29', '', 'sales'),
  ('SO00021', '2003-11-11', 'C00022', 'Cancelled', '2003-11-17', 'Customer cancelled due to urgent budgeting issues. Must be cautious when dealing with them in the future. Since order shipped already we must discuss who would cover the shipping charges.', 'sales'),
  ('SO00022', '2004-01-12', 'C00011', 'Completed', '2004-01-22', '', 'sales'),
  ('SO00023', '2004-07-20', 'C00020', 'Completed', '2004-07-26', '', 'sales'),
  ('SO00024', '2003-09-25', 'C00018', 'Completed', '2003-10-03', '', 'sales');

-- Sales Order Lines (random 1-3 items per order from new items)
INSERT INTO sales_order_lines (order_id, item_id, item_name, quantity, unit_price) VALUES
  ('SO00010', 'I00018', '5-Tier Bookshelf (Walnut)', 4, 798.0),
  ('SO00010', 'I00012', '3-Seater Italian Leather Sofa', 6, 1937.0),
  ('SO00011', 'I00025', 'TV Console - 180cm', 7, 1350.0),
  ('SO00012', 'I00024', 'Coffee Table (Tempered Glass)', 3, 1360.0),
  ('SO00012', 'I00014', 'Queen Size Platform Bed Frame', 4, 750.0),
  ('SO00012', 'I00018', '5-Tier Bookshelf (Walnut)', 5, 798.0),
  ('SO00013', 'I00028', 'Shoe Cabinet - 5 Tier', 6, 1545.0),
  ('SO00013', 'I00023', 'Wardrobe - 4 Door Mirror', 4, 855.0),
  ('SO00013', 'I00022', 'Recliner Armchair (Fabric)', 3, 1178.0),
  ('SO00014', 'I00025', 'TV Console - 180cm', 2, 1350.0),
  ('SO00014', 'I00012', '3-Seater Italian Leather Sofa', 3, 1937.0),
  ('SO00014', 'I00011', 'Ergonomic Mesh Office Chair', 3, 1422.0),
  ('SO00015', 'I00023', 'Wardrobe - 4 Door Mirror', 7, 855.0),
  ('SO00015', 'I00012', '3-Seater Italian Leather Sofa', 8, 1937.0),
  ('SO00015', 'I00022', 'Recliner Armchair (Fabric)', 5, 1178.0),
  ('SO00016', 'I00010', 'Solid Oak Executive Desk', 5, 1071.0),
  ('SO00016', 'I00013', 'Modern L-Shape Sectional Sofa', 6, 644.0),
  ('SO00016', 'I00027', 'Study Desk with Drawer', 2, 1278.0),
  ('SO00017', 'I00023', 'Wardrobe - 4 Door Mirror', 8, 855.0),
  ('SO00017', 'I00015', 'King Size Storage Bed Frame', 1, 606.0),
  ('SO00018', 'I00018', '5-Tier Bookshelf (Walnut)', 2, 798.0),
  ('SO00018', 'I00026', 'Bar Stool Set (4 PCs)', 5, 729.0),
  ('SO00018', 'I00015', 'King Size Storage Bed Frame', 4, 606.0),
  ('SO00019', 'I00021', 'Conference Table - 10 Seats', 3, 1174.0),
  ('SO00020', 'I00026', 'Bar Stool Set (4 PCs)', 8, 729.0),
  ('SO00020', 'I00010', 'Solid Oak Executive Desk', 1, 1071.0),
  ('SO00020', 'I00020', 'Reception Counter (Premium)', 2, 1409.0),
  ('SO00021', 'I00019', 'Bedside Cabinet with 3 Drawers', 1, 443.0),
  ('SO00021', 'I00017', '8-Seat Marble Top Dining Table', 4, 1698.0),
  ('SO00022', 'I00012', '3-Seater Italian Leather Sofa', 2, 1937.0),
  ('SO00022', 'I00029', 'Children\'s Bunk Bed', 3, 1062.0),
  ('SO00022', 'I00025', 'TV Console - 180cm', 3, 1350.0),
  ('SO00023', 'I00025', 'TV Console - 180cm', 5, 1350.0),
  ('SO00023', 'I00027', 'Study Desk with Drawer', 7, 1278.0),
  ('SO00023', 'I00015', 'King Size Storage Bed Frame', 4, 606.0),
  ('SO00024', 'I00016', '6-Seat Solid Wood Dining Table', 6, 1398.0),
  ('SO00024', 'I00019', 'Bedside Cabinet with 3 Drawers', 8, 443.0),
  ('SO00024', 'I00022', 'Recliner Armchair (Fabric)', 8, 1178.0);

-- ---------------------------------------------------------------------------
-- Verification (run AFTER the inserts to confirm)
-- ---------------------------------------------------------------------------
SELECT 'customers' AS table_name, COUNT(*) AS row_count FROM customers
UNION ALL SELECT 'staff',     COUNT(*) FROM staff
UNION ALL SELECT 'suppliers', COUNT(*) FROM suppliers
UNION ALL SELECT 'items',     COUNT(*) FROM items
UNION ALL SELECT 'sales_orders',      COUNT(*) FROM sales_orders
UNION ALL SELECT 'sales_order_lines', COUNT(*) FROM sales_order_lines;
